large:regular:mushroom,tomato
extra-large:regular:mushroom
large:stuffed:green pepper,salami,olive
small:regular:onion
small:stuffed:pepperoni,mushroom,olive
large:stuffed:onion,bacon,salami
large:thin:mushroom,onion,tomato
small:thin:pepperoni,mushroom,onion,green pepper,bacon,salami,tomato,olive
large:regular:green pepper
medium:thin:pepperoni,mushroom,onion
medium:thin:mushroom,bacon,tomato,olive
large:stuffed:mushroom,green pepper,bacon,salami,tomato,olive
extra-large:regular:pepperoni,mushroom,green pepper,salami,tomato,olive
extra-large:regular:pepperoni,mushroom,onion,green pepper,bacon,tomato,olive
small:thin:pepperoni,mushroom,onion,green pepper,bacon,salami,olive
large:stuffed:onion,green pepper,bacon,salami,tomato
extra-large:stuffed:pepperoni,mushroom,onion,green pepper,bacon,salami,olive
extra-large:stuffed:pepperoni,mushroom,onion,bacon,olive
medium:stuffed:pepperoni,mushroom,green pepper,tomato,olive
large:thin:pepperoni,bacon,salami,olive
large:thin:pepperoni,green pepper,salami,tomato,olive
large:thin:onion,green pepper,salami,olive
extra-large:stuffed:pepperoni,onion,bacon,salami,tomato,olive
small:stuffed:mushroom,green pepper,salami,olive
medium:stuffed:tomato
small:stuffed:onion,green pepper,bacon
extra-large:regular:salami
extra-large:regular:pepperoni,mushroom,green pepper,bacon,salami,tomato
extra-large:stuffed:tomato,olive
large:thin:mushroom
extra-large:stuffed:pepperoni,mushroom,onion,green pepper,bacon,salami,tomato,olive
small:regular:bacon,tomato,olive
small:regular:pepperoni,mushroom,green pepper,bacon,salami,tomato,olive
extra-large:regular:pepperoni,mushroom,onion,green pepper,bacon,salami
large:regular:pepperoni,mushroom,green pepper,bacon,salami
small:regular:mushroom,green pepper,olive
medium:thin:green pepper,bacon,tomato,olive
small:stuffed:pepperoni,mushroom,onion,green pepper,salami,olive
large:stuffed:tomato,olive
large:thin:pepperoni,mushroom,bacon,salami,tomato,olive
extra-large:thin:bacon,olive
large:thin:pepperoni,green pepper,bacon,salami,tomato,olive
medium:thin:pepperoni,onion,green pepper,bacon,salami,olive
extra-large:thin:onion,green pepper,salami,tomato
small:regular:onion,tomato
medium:regular:bacon
medium:regular:pepperoni,mushroom,onion,green pepper,bacon,salami,tomato,olive
large:regular:mushroom,onion,salami,tomato
large:thin:pepperoni,green pepper,bacon,tomato
small:thin:pepperoni,mushroom,onion,salami,tomato
small:regular:mushroom,green pepper
extra-large:thin:bacon
medium:regular:mushroom,onion,bacon,salami
large:thin:pepperoni,mushroom,onion,green pepper,bacon,salami,tomato
large:thin:mushroom,onion,bacon,salami,tomato,olive
small:regular:onion,salami,tomato
extra-large:stuffed:green pepper,tomato
large:regular:pepperoni,mushroom,onion,bacon,salami,tomato,olive
large:regular:pepperoni,mushroom,onion,green pepper,bacon,salami,tomato
medium:regular:pepperoni,onion,salami,tomato,olive
extra-large:stuffed:pepperoni,mushroom,onion,green pepper,bacon,salami,tomato,olive
large:thin:pepperoni,mushroom,onion,green pepper,bacon,olive
extra-large:regular:pepperoni,onion,bacon,salami,olive
small:thin:pepperoni,mushroom,bacon,salami,tomato,olive
small:thin:tomato
small:regular:pepperoni,mushroom,onion,green pepper,bacon,salami,tomato
small:regular:pepperoni,onion,green pepper,bacon,salami,tomato
small:regular:pepperoni,onion,green pepper,bacon,salami,tomato,olive
medium:regular:onion,green pepper,bacon,salami
extra-large:regular:pepperoni,mushroom,bacon,salami,tomato
extra-large:regular:pepperoni,mushroom,onion,green pepper,bacon,salami,olive
extra-large:stuffed:pepperoni,mushroom,bacon,salami
extra-large:thin:bacon,salami,tomato,olive
small:stuffed:onion,green pepper,tomato,olive
small:thin:pepperoni,mushroom,onion,green pepper,salami,tomato,olive
large:stuffed:mushroom,green pepper
medium:stuffed:pepperoni,green pepper,bacon,salami,tomato
large:thin:pepperoni,onion,green pepper,salami,tomato,olive
medium:thin:mushroom,onion,green pepper,bacon,salami,tomato,olive
large:regular:pepperoni,mushroom,onion,green pepper,bacon,salami,tomato,olive
medium:regular:bacon
extra-large:stuffed:onion,olive
extra-large:regular:pepperoni,onion,bacon,salami,tomato
extra-large:regular:pepperoni,onion,green pepper,bacon,salami,tomato,olive
large:thin:onion,tomato
small:regular:pepperoni,bacon,tomato,olive
extra-large:stuffed:pepperoni,mushroom,onion,green pepper,salami,tomato
extra-large:thin:pepperoni,green pepper,tomato,olive
large:thin:pepperoni,mushroom,onion,green pepper,bacon,salami,tomato,olive
medium:stuffed:pepperoni,onion,green pepper,bacon,salami,tomato,olive
small:stuffed:pepperoni,bacon
large:regular:salami,olive
medium:thin:pepperoni
extra-large:stuffed:onion,green pepper,bacon,olive
extra-large:stuffed:pepperoni,mushroom,bacon,olive
extra-large:stuffed:pepperoni,mushroom,green pepper,salami,tomato,olive
small:thin:pepperoni,onion
medium:thin:pepperoni,mushroom,onion,bacon,salami
medium:stuffed:pepperoni,mushroom,onion,green pepper,bacon,salami,tomato,olive
small:stuffed:green pepper,bacon,salami